study_hours,attendance,previous_marks,assignment_completion,sleep_hours,internal_marks,result
5.8,67.9,64.2,67.0,6.1,59.6,Fail
3.0,65.0,82.0,92.6,8.2,71.2,Pass
6.8,82.1,84.0,80.1,6.4,74.0,Pass
7.2,82.6,43.7,62.4,8.1,69.8,Pass
1.1,93.4,60.3,59.4,7.3,60.7,Fail
2.5,91.2,85.4,45.3,6.4,58.1,Fail
5.5,76.4,72.6,80.2,7.4,61.2,Pass
4.5,63.1,67.9,68.6,7.2,60.4,Fail
5.2,74.2,61.7,32.3,8.0,44.1,Fail
3.4,80.6,59.2,65.4,6.1,61.6,Fail
7.0,75.6,69.3,58.8,6.8,64.7,Pass
6.8,71.1,61.2,100.0,6.7,65.4,Pass
5.3,81.0,64.4,44.3,7.6,60.4,Fail
7.6,72.0,66.2,49.1,5.6,73.2,Pass
6.2,70.5,54.8,95.0,8.0,59.9,Pass
3.4,81.7,73.0,99.4,7.4,62.8,Fail
6.0,73.2,100.0,61.6,5.2,85.8,Pass
3.2,80.9,38.3,63.6,8.2,50.0,Fail
7.0,81.3,69.9,86.1,9.5,64.2,Pass
5.1,64.3,53.6,33.1,8.0,46.0,Fail
4.8,72.2,73.7,41.5,8.5,58.3,Fail
3.8,95.3,65.7,69.9,6.9,61.2,Fail
7.8,64.1,76.4,100.0,4.8,60.2,Pass
4.9,52.6,82.6,67.2,4.6,50.0,Fail
4.3,55.7,67.9,76.8,7.1,49.4,Fail
4.5,78.3,82.0,95.4,6.1,60.9,Fail
6.3,78.4,29.8,100.0,5.7,44.1,Fail
6.0,76.6,88.9,64.6,6.7,74.7,Pass
6.1,92.6,70.6,74.7,7.5,63.7,Pass
6.1,45.9,81.2,100.0,,69.6,Fail
9.7,82.8,46.7,47.6,6.3,45.7,Fail
4.3,96.7,52.5,93.5,8.6,53.4,Fail
4.1,64.5,67.2,56.7,5.5,58.6,Fail
3.5,73.4,64.7,76.8,7.8,60.5,Fail
6.5,69.0,69.2,70.6,6.2,55.9,Fail
7.6,67.3,81.3,57.8,7.5,68.2,Pass
5.0,74.1,38.5,57.3,8.1,61.3,Fail
3.4,95.1,79.6,80.0,7.7,65.3,Fail
3.5,100.0,65.1,92.9,7.9,55.9,Pass
6.6,74.0,61.9,72.7,,58.1,Pass
6.8,100.0,42.9,76.3,8.1,55.7,Pass
6.3,78.4,72.5,85.3,5.8,65.1,Fail
3.8,99.0,28.8,57.5,7.1,40.1,Fail
5.7,76.9,74.7,88.3,7.1,54.8,Fail
5.4,79.6,42.6,89.7,7.4,44.3,Fail
5.7,82.4,65.8,100.0,7.2,63.5,Pass
7.0,100.0,63.2,68.2,5.8,62.0,Pass
5.7,88.2,82.5,66.8,5.2,63.4,Pass
6.6,69.5,62.3,88.8,7.8,60.2,Fail
5.3,89.6,54.6,89.7,7.0,58.9,Pass
5.8,73.7,57.4,65.4,8.2,62.0,Fail
6.5,,84.1,67.7,6.7,67.6,Pass
2.1,88.9,73.0,84.7,5.1,63.3,Pass
4.5,78.4,59.2,60.1,8.0,48.9,Fail
4.2,81.3,61.5,,6.4,59.7,Fail
3.9,78.2,41.5,76.6,7.2,49.5,Pass
4.6,82.0,70.8,92.9,6.0,70.9,Fail
8.3,83.1,38.6,64.1,8.8,57.7,Fail
3.4,54.8,76.3,41.8,5.7,58.0,Fail
7.2,86.0,66.9,40.5,6.4,58.7,Pass
1.7,66.2,100.0,52.3,6.9,65.8,Fail
4.5,60.7,48.5,51.4,5.5,53.4,Fail
5.5,77.3,63.5,72.2,7.2,53.4,Pass
6.4,79.0,92.0,53.6,8.7,65.5,Pass
6.7,69.7,82.9,62.4,6.2,68.5,Fail
6.9,88.0,54.6,61.1,7.3,59.9,Pass
4.5,61.9,68.4,67.1,4.0,49.7,Fail
4.2,73.1,65.0,98.8,6.8,59.9,Fail
7.0,71.0,69.2,86.9,6.4,64.6,Pass
4.8,77.4,54.5,75.3,5.8,36.0,Fail
2.5,81.3,63.7,66.7,8.1,51.2,Fail
2.8,65.9,41.0,67.2,6.4,40.3,Fail
3.3,86.7,67.0,80.9,6.6,57.3,Fail
6.2,78.8,71.8,85.5,6.3,77.1,Fail
5.5,55.3,61.6,58.7,4.5,43.3,Fail
6.7,54.5,40.8,75.7,5.4,41.6,Fail
4.3,77.9,79.8,38.4,8.0,37.9,Pass
5.5,75.3,70.5,78.8,4.3,58.7,Pass
6.5,76.8,54.1,88.7,5.9,55.4,Pass
4.6,77.7,60.8,70.0,6.3,51.3,Fail
6.2,80.7,42.5,100.0,8.9,63.8,Fail
3.8,89.4,49.6,59.1,7.7,55.7,Fail
4.4,64.7,56.9,78.9,6.1,53.8,Fail
4.4,63.9,83.4,74.4,8.4,61.3,Fail
2.7,64.9,55.4,73.2,5.9,56.7,Fail
6.2,81.5,74.6,72.9,8.0,65.3,Pass
4.2,92.9,56.9,76.9,5.2,49.3,Fail
5.2,72.8,68.7,90.3,8.1,48.9,Pass
6.2,48.0,62.9,99.8,6.3,56.7,Fail
6.1,57.6,78.1,75.0,5.6,70.4,Pass
6.6,68.0,57.0,89.7,6.5,77.3,Pass
5.0,71.3,41.4,62.4,7.1,46.0,Fail
4.3,73.1,44.3,88.8,6.2,43.6,Fail
5.0,78.5,57.0,61.3,7.5,43.8,Fail
1.7,74.3,46.3,94.6,6.1,51.3,Fail
2.2,90.6,71.2,100.0,7.5,47.7,Fail
2.4,69.9,58.0,72.8,7.3,54.2,Fail
3.1,67.7,100.0,35.5,6.7,70.6,Pass
6.0,83.7,38.9,65.1,6.3,51.7,Fail
3.3,59.6,68.1,97.2,7.0,56.5,Fail
4.4,82.7,48.1,85.0,7.5,56.8,Fail
7.9,79.2,57.6,79.5,9.3,63.0,Pass
4.5,76.2,67.1,93.2,7.9,55.1,Pass
6.7,97.1,30.1,83.7,8.0,64.7,Pass
3.2,70.5,68.6,96.9,10.0,56.9,Pass
4.8,100.0,93.5,91.5,7.4,82.6,Pass
3.2,75.3,58.2,100.0,7.4,36.6,Fail
4.5,62.7,68.9,81.5,7.6,69.0,Fail
7.0,78.8,80.4,91.3,5.6,83.6,Pass
1.6,65.1,62.5,69.5,6.3,49.4,Fail
6.1,69.0,56.3,64.2,6.2,58.7,Fail
5.7,82.8,30.9,100.0,7.6,53.5,Pass
4.0,84.7,74.6,78.9,6.6,57.5,Pass
2.2,70.5,63.3,89.5,7.0,58.6,Fail
5.4,89.8,49.8,77.2,8.1,47.9,Pass
4.1,91.9,66.9,64.4,7.8,53.3,Pass
5.7,95.2,56.2,75.2,6.6,67.3,Fail
5.2,84.4,57.1,100.0,6.0,68.0,Pass
8.6,94.4,74.1,85.0,8.2,67.2,Pass
4.7,55.4,44.9,44.2,7.7,36.1,Fail
3.1,74.2,80.7,71.1,4.9,56.2,Fail
5.6,67.6,44.0,100.0,6.4,58.8,Pass
5.7,79.4,55.1,71.2,7.0,47.2,Fail
8.1,71.1,93.8,42.6,7.7,74.5,Pass
7.0,76.0,81.9,100.0,7.9,79.5,Pass
5.9,100.0,66.5,87.3,7.1,65.0,Pass
8.3,76.0,50.9,73.7,7.5,66.0,Pass
2.7,83.0,57.1,68.3,6.9,48.3,Fail
3.9,75.2,66.1,94.5,6.0,58.2,Pass
3.3,78.9,65.6,65.2,6.5,46.8,Pass
4.4,78.1,63.6,95.7,6.8,68.4,Pass
2.3,83.4,64.5,84.8,6.8,49.8,Fail
6.5,92.0,61.8,79.4,4.5,65.3,Pass
4.7,97.8,43.4,77.6,6.3,50.8,Pass
2.1,81.7,57.3,71.9,6.9,41.7,Fail
3.1,85.1,78.7,93.8,6.5,60.4,Fail
5.9,64.2,44.5,59.4,6.5,58.2,Fail
7.0,76.9,62.2,45.8,7.4,58.2,Fail
9.4,89.3,52.7,86.1,5.5,56.2,Pass
10.0,88.4,66.7,86.4,4.8,74.0,Pass
6.1,80.5,59.2,83.6,6.4,58.6,Pass
3.1,88.6,87.2,82.3,7.7,95.5,Pass
0.7,83.9,72.6,69.2,8.8,56.7,Fail
5.8,92.4,45.3,89.2,7.7,52.2,Fail
3.5,81.5,75.1,74.2,5.0,72.3,Pass
4.3,73.7,53.4,66.2,6.5,35.9,Pass
3.9,82.0,56.3,69.4,7.1,53.4,Pass
4.9,42.8,69.7,100.0,7.0,76.3,Pass
7.4,82.6,57.6,43.8,7.4,54.9,Pass
5.5,40.0,78.4,84.0,5.7,48.8,Pass
4.9,57.3,53.4,44.8,6.9,43.2,Fail
3.0,83.4,55.7,73.1,7.3,63.1,Fail
1.7,83.7,55.2,67.2,7.8,51.0,Fail
4.2,64.1,56.5,37.5,5.8,39.5,Fail
5.1,69.5,81.5,82.0,6.4,61.0,Pass
8.9,94.4,74.4,68.2,4.0,66.6,Pass
5.5,72.2,90.6,37.2,6.1,67.8,Pass
7.3,100.0,99.0,90.1,6.2,93.9,Pass
4.2,78.0,49.5,100.0,5.6,62.5,Pass
2.7,82.9,66.1,100.0,7.0,63.2,Fail
3.2,97.4,47.4,81.5,6.7,40.3,Fail
3.7,79.6,53.3,75.8,4.1,40.9,Fail
9.7,66.0,55.5,98.9,7.1,69.4,Pass
3.5,76.7,49.1,100.0,5.7,41.8,Fail
7.0,77.6,49.2,95.4,7.4,56.5,Fail
3.3,61.6,62.8,58.1,5.3,52.8,Fail
7.2,74.9,46.7,78.6,6.8,45.6,Fail
6.0,69.1,77.6,82.9,6.5,58.3,Fail
4.9,89.1,51.2,42.4,7.2,48.1,Fail
5.1,78.4,100.0,83.4,6.9,80.2,Pass
3.8,74.6,58.2,100.0,6.5,65.5,Fail
6.1,76.7,66.1,86.5,5.0,67.8,Fail
4.2,80.7,45.6,100.0,5.0,53.4,Pass
2.6,85.4,90.6,78.3,6.1,61.5,Fail
2.5,66.0,81.8,73.7,6.8,51.7,Fail
5.6,65.5,69.5,81.9,6.1,57.3,Fail
8.5,91.3,44.8,60.3,7.6,58.8,Pass
5.5,73.1,68.2,57.7,6.5,60.7,Pass
5.0,61.0,48.2,97.8,5.6,35.8,Fail
5.8,83.3,86.9,99.7,6.5,68.2,Pass
7.9,83.6,77.1,57.2,7.1,77.2,Pass
5.7,59.6,66.4,92.4,7.2,61.7,Pass
4.3,80.8,28.5,73.4,9.1,30.0,Fail
7.5,86.8,50.2,81.1,6.0,77.6,Pass
6.1,82.5,75.3,83.3,,67.0,Fail
8.4,85.6,83.2,92.9,7.3,79.9,Pass
5.6,61.1,81.6,76.5,6.8,68.8,Pass
2.6,82.0,41.1,100.0,6.2,45.1,Fail
2.3,74.4,69.5,80.6,4.9,50.7,Fail
8.7,72.2,80.2,86.2,6.2,90.3,Pass
8.8,88.4,40.1,60.0,5.5,61.6,Fail
4.8,95.8,64.9,100.0,4.7,70.9,Pass
4.4,99.5,69.1,83.5,5.8,68.1,Pass
8.3,93.8,60.5,87.8,5.5,58.5,Pass
2.9,76.7,37.2,46.1,7.5,48.3,Fail
3.3,82.2,60.1,60.2,7.5,45.2,Pass
6.6,87.2,60.1,97.3,5.7,66.2,Pass
4.4,79.5,62.8,80.2,6.5,44.6,Pass
5.2,79.6,56.5,40.6,4.6,34.1,Fail
4.9,87.9,58.4,93.7,6.2,62.1,Fail
5.9,77.3,64.4,65.2,7.3,52.2,Fail
8.2,69.2,71.6,100.0,7.8,54.3,Pass
5.4,73.0,60.4,73.4,5.9,61.0,Fail
6.6,85.6,58.9,78.7,8.1,77.3,Pass
0.9,78.0,66.4,96.2,5.0,66.4,Fail
5.1,82.1,36.2,58.8,5.3,42.1,Fail
3.4,86.0,72.2,57.1,7.7,57.6,Fail
2.6,73.5,65.0,71.5,8.8,60.6,Fail
3.4,87.1,65.6,89.9,7.4,68.5,Fail
4.5,82.5,79.4,51.0,6.8,58.6,Pass
7.1,63.2,35.7,45.0,4.2,43.5,Fail
2.4,95.3,35.4,89.8,4.4,47.6,Fail
5.3,72.0,69.1,64.1,7.0,63.3,Fail
4.2,58.1,64.9,67.9,6.4,52.8,Pass
4.5,65.5,67.6,41.6,5.5,51.7,Fail
7.3,65.7,58.1,62.8,6.9,67.6,Fail
6.3,78.6,75.0,74.9,6.9,75.5,Pass
8.0,74.7,79.0,91.7,7.9,76.5,Pass
4.9,74.0,72.3,61.1,7.0,73.1,Fail
3.7,85.4,61.1,100.0,8.3,56.4,Pass
4.7,82.1,33.4,62.7,6.8,55.8,Fail
5.7,81.8,76.5,62.7,6.7,68.3,Pass
5.6,82.9,83.3,100.0,8.1,98.6,Pass
2.9,85.4,74.7,78.8,5.6,51.4,Fail
5.4,52.7,51.8,65.1,10.0,43.6,Fail
5.7,73.6,75.1,72.2,7.3,67.0,Fail
10.0,51.8,77.9,99.4,7.3,77.4,Pass
9.1,78.4,88.4,100.0,7.4,96.2,Pass
3.4,77.9,51.9,60.3,9.1,42.5,Fail
4.6,90.5,61.6,74.2,7.8,65.2,Fail
2.1,92.3,76.2,76.6,4.9,70.0,Pass
4.0,80.4,65.9,57.2,8.5,60.6,Pass
5.9,72.0,48.2,74.0,6.4,44.3,Pass
7.7,83.8,71.2,75.1,6.9,78.6,Pass
3.7,71.7,73.7,95.5,5.3,72.5,Pass
3.8,78.0,66.3,96.7,7.4,65.4,Fail
0.7,89.8,68.3,69.1,6.0,54.8,Fail
4.9,71.3,61.1,71.1,6.9,57.3,Fail
3.0,87.7,87.2,87.0,6.5,67.5,Fail
4.1,86.1,51.5,64.5,9.1,55.7,Fail
3.4,66.5,56.2,85.6,9.2,52.4,Fail
5.0,89.7,65.2,73.4,6.9,53.3,Fail
1.5,86.4,78.2,57.6,6.9,48.5,Fail
2.1,79.2,42.5,57.8,6.4,35.1,Fail
9.7,68.9,45.3,,8.1,62.9,Fail
2.5,67.7,34.4,72.2,6.4,38.7,Fail
2.9,71.5,65.5,100.0,6.3,60.0,Pass
9.1,84.5,48.2,65.8,8.0,62.0,Fail
10.0,66.5,59.2,80.2,6.2,59.7,Pass
2.7,83.3,74.9,100.0,6.8,75.4,Pass
4.4,63.1,55.4,56.0,4.9,46.7,Fail
5.9,75.6,68.5,40.8,7.6,53.2,Pass
8.8,79.3,60.5,98.2,9.1,71.2,Pass
3.1,100.0,75.1,60.1,7.7,45.7,Fail
4.7,61.5,72.1,74.6,8.6,53.1,Fail
6.8,95.7,54.6,64.5,5.8,65.9,Pass
6.1,79.8,62.5,79.8,7.1,46.8,Fail
4.4,82.9,80.7,57.9,5.7,71.8,Pass
4.9,79.4,70.9,71.8,6.5,73.1,Pass
2.3,83.3,44.0,83.1,7.7,43.5,Fail
4.7,76.2,74.8,56.9,6.9,62.1,Fail
4.6,95.4,48.7,62.4,5.1,60.0,Pass
5.7,72.5,86.2,68.7,5.2,64.3,Fail
4.0,91.6,80.4,49.3,5.1,68.7,Pass
6.2,70.3,69.3,67.4,7.4,55.5,Fail
7.3,77.3,67.4,77.1,9.3,60.5,Pass
5.5,65.1,61.9,67.8,8.4,49.4,Fail
5.9,83.5,75.2,70.1,4.5,67.8,Pass
5.3,95.3,59.4,74.6,8.5,68.2,Pass
5.2,77.1,68.5,63.2,7.9,57.5,Pass
3.7,75.6,78.1,87.4,4.9,53.8,Fail
5.9,64.6,56.6,100.0,6.4,50.1,Fail
5.0,75.2,55.8,66.6,8.1,56.3,Pass
9.6,58.9,47.1,83.7,7.5,72.8,Pass
8.5,67.0,49.0,70.7,5.2,59.2,Pass
6.0,80.7,37.6,81.6,7.5,46.6,Fail
3.6,93.8,75.9,100.0,4.2,73.0,Pass
2.9,100.0,92.1,84.2,6.5,69.3,Pass
7.7,71.0,86.4,43.1,8.2,64.7,Pass
5.8,95.2,40.6,83.2,6.8,44.9,Fail
6.2,80.9,75.9,97.2,6.2,80.9,Pass
1.5,76.2,86.3,71.0,7.9,41.1,Fail
7.1,83.2,58.1,92.9,8.0,69.3,Pass
6.2,78.7,66.5,62.6,8.4,56.1,Pass
2.9,79.3,34.9,48.3,7.8,34.3,Fail
4.2,73.1,69.0,77.5,8.1,72.6,Pass
5.8,61.2,49.0,43.4,7.7,40.6,Fail
5.3,59.5,68.0,70.7,7.1,52.5,Fail
4.6,85.8,41.6,,6.9,50.9,Fail
5.0,74.7,73.1,40.6,6.5,60.2,Pass
4.7,70.8,80.4,52.0,5.3,57.3,Pass
5.5,78.1,53.3,56.4,5.7,39.1,Fail
8.3,87.5,47.9,73.9,6.5,51.2,Fail
0.5,80.2,32.7,68.4,7.1,45.7,Fail
4.7,70.1,61.0,100.0,8.5,59.9,Pass
5.6,92.7,56.3,92.2,6.7,63.9,Pass
5.8,97.0,41.7,83.9,8.0,51.4,Pass
4.4,83.9,71.8,77.6,8.1,56.7,Pass
1.5,89.7,58.3,82.1,6.5,65.4,Fail
5.9,92.9,48.9,59.5,7.5,51.2,Fail
8.8,91.6,56.7,90.4,6.5,62.4,Pass
2.0,85.4,81.1,55.0,8.4,67.3,Pass
7.0,85.2,74.0,90.0,7.6,63.9,Pass
4.5,84.2,63.0,96.4,5.4,56.3,Fail
5.1,64.8,74.3,78.8,7.0,62.2,Pass
3.0,86.4,47.6,71.8,8.8,47.9,Fail
4.5,61.7,65.5,82.2,6.6,59.4,Pass
7.9,68.5,67.2,23.5,7.3,73.0,Pass
6.4,93.6,58.0,80.4,7.5,63.6,Pass
8.8,88.1,71.5,73.0,5.6,50.6,Pass
7.7,95.8,53.3,74.1,7.4,63.0,Pass
6.1,74.7,72.6,87.7,5.1,66.1,Pass
8.9,64.2,73.3,73.7,6.0,68.0,Pass
6.1,75.1,21.2,54.5,8.1,39.7,Fail
6.9,79.2,82.9,72.5,7.2,69.9,Pass
4.6,78.9,20.0,76.2,6.4,37.7,Fail
5.3,91.6,55.8,77.1,7.3,62.2,Pass
3.7,73.7,80.4,77.9,6.7,59.1,Fail
7.3,82.2,60.2,93.7,6.8,56.6,Pass
2.7,66.1,43.0,55.5,7.6,64.7,Fail
6.8,83.4,48.6,78.2,5.9,50.2,Pass
4.8,78.0,80.4,98.2,6.8,69.7,Fail
7.7,69.0,36.2,43.8,6.4,32.9,Fail
6.8,75.2,81.9,78.2,4.9,70.8,Pass
9.0,75.8,64.2,64.5,5.7,56.4,Pass
6.7,74.8,47.1,68.3,8.7,49.0,Pass
1.9,99.3,56.3,58.7,7.3,57.8,Fail
5.1,76.8,49.7,71.9,5.2,55.3,Pass
2.7,75.1,78.0,100.0,5.0,68.6,Pass
4.1,52.8,76.0,52.2,6.7,41.6,Fail
8.4,67.3,39.2,53.9,8.7,63.6,Fail
6.5,74.8,58.9,51.6,6.6,45.5,Fail
3.7,69.8,52.1,100.0,8.4,65.7,Fail
3.1,94.6,84.4,66.7,7.2,73.0,Fail
5.3,76.0,44.7,74.5,7.4,54.5,Fail
2.6,93.5,89.1,67.7,5.2,59.4,Fail
3.8,78.7,64.5,58.0,7.9,55.2,Fail
5.9,78.4,47.6,70.8,6.4,48.2,Fail
7.6,76.9,54.8,100.0,7.8,62.9,Pass
6.5,78.0,53.0,100.0,5.8,57.9,Pass
0.5,98.6,45.9,59.6,7.0,26.0,Fail
5.8,50.2,66.4,86.7,7.2,68.4,Fail
5.4,54.0,46.6,60.0,6.6,45.4,Fail
6.1,71.5,32.3,43.0,7.3,36.6,Fail
8.6,78.2,59.3,93.4,6.5,61.1,Fail
0.9,86.3,38.0,95.9,6.0,46.2,Fail
4.0,83.7,53.7,93.8,8.7,48.3,Pass
6.4,73.4,51.4,66.5,8.1,35.5,Fail
1.9,90.2,51.9,72.0,5.9,51.6,Fail
8.3,90.4,95.0,88.5,7.5,86.0,Pass
6.0,80.2,65.8,82.0,5.9,60.7,Pass
7.0,89.6,68.7,67.9,5.4,55.2,Pass
4.0,81.3,38.4,45.9,8.0,41.8,Fail
6.9,71.3,55.2,77.0,4.8,45.7,Pass
7.4,86.4,68.2,94.4,7.9,60.4,Pass
5.7,79.3,49.6,53.4,6.5,44.1,Fail
5.7,78.0,78.6,86.5,6.5,74.7,Pass
5.8,95.7,47.0,81.0,7.3,52.2,Pass
3.4,48.6,60.7,88.5,7.5,48.9,Fail
4.9,61.0,56.2,90.7,5.8,70.7,Fail
4.9,63.8,67.5,62.5,7.7,59.0,Fail
6.0,73.6,55.4,45.9,6.9,54.2,Fail
7.3,74.9,60.9,65.4,5.3,56.4,Pass
3.0,59.9,61.5,91.0,6.6,49.1,Fail
4.9,66.2,54.0,65.2,8.5,33.4,Fail
8.3,67.7,72.3,62.5,8.8,72.7,Pass
3.6,100.0,68.6,42.2,7.7,59.3,Fail
3.5,99.6,63.7,100.0,5.4,60.4,Fail
5.6,73.1,58.5,89.9,7.4,57.6,Pass
7.0,73.6,76.9,88.9,7.8,75.2,Pass
5.2,64.2,61.5,92.4,7.7,46.2,Pass
8.0,55.1,60.4,85.4,7.7,56.3,Pass
7.0,76.6,66.6,70.6,7.2,53.2,Pass
7.0,66.0,90.4,72.1,6.7,86.1,Pass
6.4,77.0,44.9,67.3,6.1,58.0,Pass
10.0,58.8,76.5,100.0,4.5,56.9,Pass
4.8,68.9,36.6,85.0,7.2,34.0,Pass
1.0,79.8,68.3,66.7,7.0,51.0,Pass
8.6,82.4,88.6,83.4,7.5,73.9,Pass
4.2,83.0,72.3,56.8,5.2,48.1,Fail
5.4,62.2,67.6,100.0,7.6,78.2,Pass
8.0,88.3,56.6,63.1,9.3,62.3,Pass
1.8,68.4,65.5,84.0,6.9,57.4,Fail
2.6,85.6,61.2,94.2,6.7,51.0,Pass
1.8,77.9,53.2,81.9,7.2,54.7,Fail
3.5,61.5,60.7,76.7,9.2,49.5,Fail
6.1,74.2,68.0,75.2,5.6,59.5,Pass
6.3,,53.5,74.0,7.0,61.3,Pass
5.8,85.4,52.9,64.6,5.8,41.1,Fail
2.2,76.3,44.6,66.9,6.1,56.1,Fail
0.5,96.4,70.9,100.0,6.7,60.8,Fail
5.3,90.1,73.2,73.0,8.4,74.5,Pass
4.2,74.9,68.5,60.9,9.0,47.9,Fail
6.2,87.0,79.5,65.7,7.3,59.8,Pass
6.7,100.0,66.3,94.8,6.3,58.8,Pass
5.5,100.0,70.9,87.2,9.8,68.9,Pass
6.8,63.3,69.6,85.1,6.3,64.4,Pass
5.7,66.9,63.6,70.4,6.1,53.7,Fail
6.3,95.8,57.0,85.3,4.7,53.2,Fail
3.7,65.3,98.2,63.4,8.5,58.1,Fail
4.8,62.1,58.2,70.3,8.0,52.5,Fail
5.6,72.2,55.0,92.5,9.7,53.7,Fail
6.9,83.0,71.5,90.7,5.1,62.7,Pass
4.4,76.8,68.8,57.3,8.5,69.0,Fail
6.3,70.2,43.9,,6.9,47.8,Fail
4.6,69.9,81.8,77.0,7.8,75.3,Pass
5.0,69.5,63.6,100.0,4.8,56.6,Fail
6.9,67.4,48.3,40.5,8.6,50.4,Fail
1.0,100.0,82.8,80.0,7.7,62.7,Fail
2.5,81.6,74.4,50.2,6.8,41.7,Fail
2.1,88.6,46.0,63.6,7.6,56.1,Fail
0.5,72.1,91.7,68.4,5.9,60.0,Fail
3.8,75.8,74.9,67.4,6.1,65.7,Fail
6.8,69.4,64.8,65.4,6.2,53.5,Fail
4.6,46.2,88.9,75.1,4.6,63.8,Pass
5.6,61.5,67.4,65.4,7.8,50.7,Fail
7.5,56.3,64.6,48.7,8.2,66.5,Fail
8.0,51.0,55.1,89.0,6.0,61.1,Pass
5.1,63.7,73.7,88.6,7.2,66.1,Pass
8.0,93.9,72.1,90.2,6.5,82.6,Pass
5.4,77.5,65.2,47.3,7.2,64.7,Pass
3.4,93.5,53.2,80.4,6.0,59.5,Fail
4.0,82.9,66.9,87.2,5.7,48.9,Pass
2.1,87.4,64.0,56.4,8.1,45.9,Fail
3.3,67.2,45.0,75.2,6.7,37.6,Fail
4.4,84.3,42.9,72.9,9.2,54.2,Fail
6.9,86.7,73.5,100.0,6.9,72.2,Pass
8.8,71.1,26.0,100.0,5.7,40.0,Fail
2.3,84.7,68.1,45.0,8.3,50.2,Fail
6.0,84.8,57.8,100.0,7.6,50.1,Pass
3.0,71.4,84.6,58.5,7.7,60.4,Pass
6.2,64.5,57.6,92.7,8.2,45.5,Fail
4.9,63.8,74.9,92.5,6.0,68.3,Fail
1.4,79.0,59.0,57.1,6.6,50.1,Pass
7.1,81.9,66.7,83.9,6.6,80.6,Pass
3.9,68.5,76.1,73.1,5.3,67.3,Fail
4.1,78.3,58.1,85.0,6.5,52.2,Fail
3.0,84.8,79.9,79.2,8.4,69.9,Pass
3.8,85.4,50.1,96.5,7.1,43.0,Fail
6.1,96.6,69.4,76.4,5.2,57.6,Pass
4.8,93.3,78.8,72.0,4.9,68.8,Pass
5.9,66.0,74.9,94.7,8.8,49.2,Fail
6.0,98.2,93.7,85.4,6.7,77.2,Pass
8.0,71.6,53.5,88.2,6.0,52.1,Pass
4.5,90.5,44.3,63.0,6.5,49.1,Pass
2.1,78.8,50.1,56.2,5.0,35.6,Fail
7.4,73.1,74.9,64.8,8.5,69.0,Pass
4.5,56.3,72.5,63.8,6.3,57.2,Pass
7.5,75.9,66.5,89.2,8.4,77.2,Pass
6.0,59.3,48.2,92.6,6.9,53.5,Fail
4.9,89.6,76.5,72.2,8.5,58.7,Pass
5.9,96.2,46.6,100.0,7.1,56.2,Pass
9.3,68.4,82.4,99.6,7.8,66.2,Pass
9.6,81.6,100.0,79.4,7.7,87.2,Pass
5.3,69.3,70.5,60.2,7.5,63.4,Pass
5.5,70.5,73.7,100.0,7.2,86.4,Pass
7.5,87.3,57.6,73.9,6.5,55.9,Pass
3.4,77.5,37.8,77.3,9.1,41.9,Fail
5.9,98.9,56.0,68.9,5.7,53.4,Fail
5.1,72.2,48.6,59.0,6.8,50.3,Fail
5.9,90.0,43.3,48.6,6.8,51.2,Pass
3.4,79.2,90.8,86.4,7.3,69.1,Pass
1.9,87.5,69.1,60.9,6.3,62.8,Fail
0.8,72.6,70.7,100.0,7.2,52.1,Fail
2.9,77.4,60.4,55.5,6.6,57.8,Fail
4.2,76.6,62.4,52.4,4.9,57.1,Fail
4.6,68.0,79.5,84.2,6.8,64.7,Fail
9.3,85.9,64.5,100.0,5.5,68.5,Fail
7.5,85.8,73.0,76.2,4.7,87.5,Pass
3.2,85.1,62.1,85.3,7.0,50.1,Fail
5.9,96.4,59.9,41.8,7.4,57.8,Pass
4.3,95.4,43.9,62.8,7.4,42.4,Pass
4.6,73.5,35.3,55.7,7.5,55.6,Fail
5.6,82.5,61.1,40.9,4.5,60.7,Pass
6.5,70.5,65.8,77.1,5.2,55.9,Fail
4.5,78.3,45.7,34.6,9.2,47.3,Fail
7.4,70.8,64.5,51.2,5.5,60.6,Pass
2.8,97.4,65.8,65.3,7.5,52.0,Fail
5.2,82.4,32.7,60.0,6.0,49.0,Fail
10.0,75.4,51.3,82.1,6.9,65.6,Pass
5.7,92.3,71.1,80.5,6.0,67.1,Fail
8.2,52.0,70.8,91.1,7.5,66.2,Pass
5.4,53.8,47.7,88.5,7.0,54.4,Fail
6.4,87.6,67.4,95.5,6.3,68.5,Pass
5.1,78.7,80.3,75.0,5.5,66.5,Pass
4.8,81.0,76.7,80.5,7.1,59.9,Pass
3.6,62.1,63.6,84.2,5.3,68.7,Fail
6.1,,58.0,77.5,7.3,49.6,Fail
3.4,100.0,55.6,67.9,10.0,56.7,Pass
6.6,87.9,72.0,69.0,8.4,62.6,Pass
7.5,80.0,67.9,60.3,7.7,76.8,Pass
6.0,72.7,74.4,82.6,6.7,58.1,Fail
4.6,73.3,67.0,73.3,4.5,52.3,Fail
6.2,52.4,77.3,63.1,5.2,53.8,Pass
4.6,81.1,66.4,63.1,8.3,59.9,Pass
7.2,88.1,76.8,53.2,5.9,55.0,Pass
1.4,59.1,78.1,92.6,6.0,54.7,Fail
4.5,70.1,52.9,76.4,6.6,34.6,Fail
1.0,64.1,37.9,59.5,5.5,37.4,Fail
2.1,66.4,88.2,89.6,5.3,60.8,Pass
8.1,78.6,68.8,64.9,6.7,52.8,Fail
7.1,53.0,39.3,49.7,5.7,52.9,Fail
3.7,85.4,54.3,93.4,5.9,44.9,Pass
2.0,87.0,76.6,65.3,5.9,64.8,Pass
0.5,75.0,60.8,67.6,7.4,41.8,Fail
4.1,48.2,57.3,75.7,6.5,63.1,Pass
10.0,66.0,86.0,95.6,6.6,85.0,Pass
6.1,92.8,49.3,75.4,7.5,47.6,Fail
4.0,44.7,53.0,53.4,6.6,37.1,Fail
6.2,73.8,68.2,84.8,6.5,68.2,Pass
1.9,63.8,70.9,66.3,7.4,50.8,Fail
4.6,87.7,72.4,100.0,7.6,65.0,Fail
5.4,69.9,78.7,75.0,6.6,74.9,Pass
5.0,82.8,68.0,34.8,6.9,48.8,Fail
6.9,84.8,72.3,81.4,5.9,68.0,Pass
5.9,100.0,61.1,100.0,5.8,72.8,Pass
6.6,75.6,65.9,100.0,7.7,72.1,Pass
3.8,82.5,66.6,100.0,7.3,60.4,Pass
7.1,60.2,68.2,56.6,7.3,56.9,Fail
8.6,92.3,76.6,91.4,7.1,60.9,Pass
3.2,68.9,73.3,62.0,6.9,47.8,Fail
3.3,71.3,65.7,79.0,7.6,58.5,Fail
8.0,77.7,52.9,52.1,7.9,54.2,Fail
4.8,59.2,66.0,63.4,7.9,55.6,Fail
8.1,80.7,64.6,62.8,6.7,71.2,Pass
4.3,89.6,67.9,91.2,8.5,53.2,Pass
8.3,81.5,98.1,89.4,7.1,80.3,Pass
5.5,58.9,57.1,80.0,7.6,56.2,Fail
5.7,76.5,71.3,50.7,7.1,53.6,Pass
8.5,86.9,81.0,69.4,7.1,84.0,Pass
4.4,55.5,66.5,61.6,5.9,61.1,Fail
3.2,65.1,100.0,90.7,7.6,74.5,Pass
4.3,88.5,59.3,96.2,10.0,73.8,Pass
6.1,,69.9,94.0,6.4,54.4,Pass
1.9,82.9,53.0,61.4,6.9,46.4,Fail
6.5,100.0,59.7,25.7,6.3,57.4,Fail
4.1,83.6,68.7,43.2,6.2,47.5,Pass
7.6,85.9,77.7,100.0,8.7,76.4,Pass
0.5,100.0,69.8,67.8,6.0,45.6,Fail
3.5,75.4,83.9,61.5,6.2,67.9,Pass
1.7,68.4,63.6,100.0,4.9,63.3,Fail
3.5,83.1,60.0,97.8,5.9,60.1,Pass
5.7,83.3,100.0,,4.7,61.8,Pass
4.8,71.7,70.9,69.7,7.6,51.9,Fail
4.7,65.6,54.2,72.6,10.0,56.1,Fail
4.9,100.0,54.6,79.1,6.4,57.4,Fail
5.6,81.9,50.9,100.0,4.8,36.3,Fail
3.1,69.2,79.0,82.6,7.9,71.8,Pass
6.7,89.0,59.5,88.1,5.9,63.8,Pass
6.6,76.7,66.9,96.0,8.4,59.0,Pass
6.0,75.0,64.0,53.9,6.5,64.7,Fail
6.4,84.7,76.0,88.6,6.0,63.7,Pass
5.8,62.5,52.3,69.7,6.6,46.5,Pass
9.5,82.2,48.9,29.7,7.7,56.2,Fail
5.0,100.0,68.4,36.7,6.5,71.5,Pass
4.6,83.6,74.0,56.7,6.2,73.0,Pass
3.6,73.5,70.0,84.6,6.6,62.4,Fail
3.0,71.9,52.9,77.0,5.3,53.1,Fail
2.6,73.1,75.2,78.3,7.3,65.3,Fail
3.3,75.0,53.8,100.0,4.7,44.2,Fail
5.1,73.5,57.2,52.2,6.3,56.6,Fail
5.9,89.0,50.8,74.5,7.7,49.5,Pass
5.3,57.2,84.5,80.5,7.2,69.1,Pass
3.6,88.3,74.5,61.7,7.5,58.0,Fail
7.1,73.4,74.1,75.5,6.7,70.2,Pass
6.8,82.5,83.7,46.2,8.2,67.6,Pass
4.9,64.5,100.0,100.0,7.9,51.9,Pass
3.8,93.9,39.4,62.7,7.3,46.7,Pass
6.4,92.9,53.9,100.0,7.9,67.0,Pass
5.6,89.5,55.8,74.4,7.7,60.6,Pass
2.2,59.8,52.2,93.5,6.3,47.8,Fail
5.1,87.9,48.8,74.0,5.2,65.9,Pass
5.8,82.9,60.5,74.4,7.3,61.2,Pass
3.3,58.7,46.8,64.5,7.5,47.2,Fail
5.6,77.7,70.0,77.1,8.1,70.8,Pass
2.1,82.4,65.8,80.7,5.7,58.4,Pass
8.0,84.7,72.2,60.9,5.7,59.0,Pass
7.8,80.1,72.6,72.7,7.4,47.8,Pass
4.7,81.5,74.0,64.0,6.7,57.3,Fail
6.0,95.7,59.4,100.0,4.5,70.0,Pass
0.5,92.7,96.8,73.4,7.3,63.8,Pass
2.8,43.6,68.5,100.0,4.6,62.5,Fail
4.6,74.2,37.1,71.5,5.7,45.7,Fail
2.9,76.0,50.0,79.7,8.4,59.2,Fail
6.7,57.0,38.9,51.2,9.0,41.7,Pass
9.4,79.1,65.3,67.0,5.3,69.6,Pass
2.7,93.0,63.2,78.8,6.4,60.4,Fail
3.4,65.0,58.0,100.0,6.9,67.1,Fail
5.7,82.0,95.2,79.0,8.9,61.1,Pass
8.6,67.0,73.2,99.9,6.2,67.8,Pass
2.6,69.9,75.9,86.5,6.2,67.1,Pass
5.7,95.7,51.0,100.0,8.7,72.1,Fail
9.0,71.5,50.0,73.9,6.4,60.3,Fail
1.7,83.5,65.6,100.0,7.7,55.3,Fail
2.5,55.5,67.6,66.3,5.0,57.6,Fail
4.3,100.0,37.2,61.2,6.6,52.6,Pass
4.1,85.2,62.3,53.2,4.8,50.8,Fail
6.9,75.8,65.2,100.0,5.5,68.5,Pass
5.7,84.9,61.8,89.8,7.8,71.2,Fail
1.5,61.1,52.8,69.0,6.7,59.2,Fail
6.3,92.2,56.9,97.5,6.4,68.5,Pass
4.0,74.1,62.3,87.4,5.9,57.6,Pass
7.9,75.6,66.4,100.0,6.5,67.7,Pass
3.9,72.1,74.1,47.1,7.2,60.5,Fail
3.9,71.0,81.2,70.2,8.0,61.6,Pass
6.3,86.3,60.6,66.7,4.0,60.5,Pass
6.8,81.1,58.2,39.5,,45.6,Fail
6.1,85.8,71.6,94.1,7.0,78.0,Pass
1.7,77.9,74.2,70.1,6.7,47.1,Fail
6.3,84.2,58.5,88.3,7.3,57.6,Pass
3.0,73.0,76.9,100.0,7.1,64.6,Pass
5.7,100.0,79.7,68.6,6.4,84.3,Pass
2.2,59.2,84.4,67.4,6.2,55.8,Fail
6.1,93.1,91.7,77.1,6.5,69.7,Pass
3.5,94.4,52.0,92.8,8.2,50.6,Pass
2.5,67.8,65.2,64.8,5.9,65.0,Fail
6.7,100.0,65.2,63.6,6.7,40.4,Pass
5.7,89.9,63.5,94.0,7.0,55.7,Pass
3.9,89.7,55.3,81.8,8.7,76.8,Pass
8.2,78.3,42.7,38.2,6.4,53.9,Fail
4.3,75.4,66.4,52.9,8.0,45.7,Pass
5.3,75.5,53.5,100.0,8.3,57.3,Fail
5.8,82.7,66.3,82.2,6.7,63.0,Pass
3.9,94.8,53.1,61.3,6.5,58.2,Fail
6.2,80.2,48.5,71.9,6.4,68.1,Pass
4.1,67.1,68.5,,6.5,60.6,Fail
4.3,87.9,67.3,88.2,7.8,57.5,Fail
8.1,89.1,73.7,50.6,7.1,72.2,Pass
3.0,85.9,97.8,59.9,7.1,63.1,Pass
0.5,86.9,69.2,79.9,5.4,46.2,Pass
8.6,74.7,72.3,73.2,5.6,53.8,Fail
10.0,66.9,48.8,85.3,9.4,48.3,Pass
4.3,67.6,45.7,52.9,6.6,37.3,Fail
1.1,58.4,88.7,81.4,5.9,51.8,Fail
4.5,80.8,51.1,94.6,8.5,57.6,Fail
4.6,77.0,49.3,83.8,7.1,42.7,Fail
4.8,72.7,64.4,77.5,7.5,32.8,Fail
2.9,42.5,63.6,73.3,6.6,41.5,Fail
6.4,63.0,51.5,60.0,6.4,47.5,Fail
6.3,91.5,60.4,73.7,6.6,55.7,Pass
2.1,70.0,83.4,97.7,5.1,76.5,Pass
6.7,82.3,52.9,72.9,6.7,51.7,Fail
9.5,61.3,44.1,59.0,7.2,60.2,Pass
5.6,95.3,79.1,66.1,9.0,66.8,Pass
4.5,76.3,72.4,78.6,6.9,61.3,Pass
4.9,81.5,55.7,68.3,4.0,47.2,Fail
6.5,100.0,41.3,83.7,6.7,54.3,Fail
1.6,96.2,53.8,84.4,10.0,45.1,Fail
5.5,74.3,64.2,91.0,7.8,62.8,Pass
4.4,70.9,82.5,100.0,5.8,66.6,Pass
9.1,74.1,49.5,92.9,7.5,53.9,Pass
4.8,84.1,63.7,58.2,5.9,64.1,Fail
8.7,76.7,75.1,58.7,5.2,70.9,Pass
2.9,73.3,29.3,73.6,6.4,34.6,Fail
6.4,95.6,80.5,66.9,6.9,70.5,Pass
5.9,76.6,47.3,54.5,4.6,48.5,Fail
3.4,100.0,70.0,67.0,5.4,52.7,Fail
5.6,79.1,68.7,66.5,6.8,61.0,Pass
7.7,99.4,81.3,62.9,6.3,66.9,Pass
4.5,82.3,73.3,69.3,7.3,53.8,Pass
1.6,89.6,29.3,96.2,5.3,28.4,Fail
5.2,69.3,53.2,78.6,7.7,50.5,Fail
3.3,67.8,67.1,100.0,5.4,63.8,Fail
4.5,83.5,62.1,78.1,8.8,52.2,Fail
5.0,89.9,72.2,69.8,4.7,82.9,Fail
1.6,78.5,76.8,75.1,5.5,65.3,Fail
1.8,62.6,74.1,79.6,7.3,66.5,Pass
6.2,61.7,61.8,82.8,8.8,65.2,Pass
4.1,60.9,37.3,100.0,7.2,61.3,Fail
0.5,56.8,58.2,59.8,7.5,36.6,Fail
6.8,79.3,71.2,90.5,6.8,47.0,Pass
5.8,91.5,48.6,78.7,5.6,51.5,Fail
3.7,77.8,74.5,46.7,6.2,61.0,Pass
2.4,50.9,78.6,88.9,5.3,60.4,Fail
7.0,75.7,66.9,97.8,5.3,68.6,Pass
5.9,76.0,20.0,59.6,7.3,48.3,Fail
10.0,100.0,45.8,74.8,5.5,64.9,Pass
6.1,60.5,93.3,43.9,7.2,73.2,Pass
6.0,73.3,56.8,52.3,5.2,45.5,Pass
4.8,98.5,35.2,93.9,7.2,41.7,Fail
6.9,83.4,83.5,66.6,6.2,82.9,Pass
6.5,84.8,65.2,55.0,8.5,60.3,Pass
7.8,79.4,81.6,79.1,7.2,67.2,Pass
4.1,82.0,69.2,65.6,8.3,53.2,Pass
4.3,87.3,71.9,66.5,5.9,55.3,Pass
4.2,68.3,70.4,88.3,6.9,55.0,Pass
6.9,88.5,75.5,54.1,5.6,54.8,Pass
8.3,61.5,99.2,58.7,6.3,63.8,Pass
4.2,81.9,79.6,77.8,6.5,63.4,Fail
4.3,80.1,41.3,92.4,5.9,45.1,Fail
5.9,70.6,71.7,97.3,5.3,74.7,Pass
4.7,77.7,82.1,63.0,5.1,66.5,Fail
7.2,70.5,83.0,91.9,4.0,74.7,Pass
0.5,65.1,58.6,60.9,5.5,38.3,Fail
3.5,73.8,82.5,100.0,7.6,66.2,Pass
3.6,64.8,78.9,54.6,4.9,60.8,Fail
0.5,81.9,100.0,98.9,5.2,76.3,Fail
3.2,64.2,53.7,63.2,8.9,46.3,Fail
3.3,86.5,57.4,100.0,6.0,65.7,Pass
4.8,63.8,60.4,85.6,7.2,56.4,Fail
7.5,71.2,57.6,56.7,7.6,62.9,Fail
4.7,70.5,51.6,65.6,7.6,46.1,Fail
3.0,93.9,23.6,89.1,5.0,26.2,Fail
5.1,82.0,58.5,93.9,6.5,61.5,Fail
7.4,75.5,70.5,73.7,4.9,71.0,Pass
3.2,84.0,57.6,75.8,9.7,57.6,Fail
3.3,52.7,94.0,88.7,4.9,71.2,Fail
6.4,77.5,65.2,77.4,5.5,58.9,Fail
4.7,100.0,84.4,51.7,5.6,59.8,Pass
6.6,79.6,68.9,60.4,5.0,65.8,Pass
5.2,78.8,77.4,79.2,8.4,68.9,Pass
6.7,84.6,69.2,96.9,9.7,63.3,Pass
3.0,88.7,85.5,100.0,6.2,78.5,Fail
5.2,54.0,65.8,,5.2,51.7,Fail
4.8,57.8,72.4,80.2,4.1,55.5,Fail
2.6,80.5,70.5,88.5,6.5,72.5,Fail
1.9,69.4,60.7,63.0,6.4,55.5,Fail
6.6,93.7,71.1,72.2,6.0,63.2,Pass
4.5,74.2,98.5,60.2,7.1,72.6,Pass
3.1,54.8,60.9,52.5,7.3,48.6,Fail
5.0,62.8,71.3,81.0,7.2,38.8,Pass
7.6,45.0,83.9,78.3,6.4,61.3,Pass
0.5,,82.1,87.4,5.5,59.6,Fail
2.1,75.7,65.2,84.8,7.6,52.0,Pass
3.3,72.9,29.2,79.4,6.8,41.7,Fail
8.3,90.9,72.8,85.0,7.9,80.3,Pass
5.8,92.4,31.7,74.2,7.7,44.3,Fail
6.8,76.0,87.0,82.4,5.1,64.5,Pass
2.8,52.4,67.5,61.9,5.1,53.6,Fail
2.8,85.4,80.0,81.7,5.9,61.0,Pass
6.1,84.7,51.5,87.0,5.5,56.2,Fail
5.3,,41.7,62.9,7.7,45.3,Fail
6.4,89.8,68.9,75.9,7.2,82.5,Pass
4.8,64.0,64.5,63.8,8.1,37.0,Fail
5.8,100.0,57.6,65.5,7.3,55.1,Pass
5.5,66.5,66.3,54.8,7.1,55.9,Fail
6.8,87.0,100.0,97.8,8.2,76.2,Pass
6.9,57.8,77.5,94.2,7.4,75.5,Fail
1.8,66.8,80.7,84.7,6.9,66.8,Pass
0.5,96.2,77.7,100.0,8.6,62.0,Fail
7.3,74.9,87.2,71.6,6.9,69.9,Pass
7.7,88.1,62.1,100.0,6.4,66.5,Pass
3.1,80.8,34.2,70.9,5.8,40.4,Fail
1.3,76.7,62.2,79.6,7.6,50.8,Fail
5.4,94.4,77.2,67.8,8.3,64.5,Pass
7.2,75.2,50.5,81.7,6.7,58.9,Pass
9.0,56.6,62.4,90.0,8.4,70.5,Pass
6.3,68.4,54.6,72.9,4.4,45.2,Pass
4.4,84.6,87.5,100.0,6.7,64.1,Pass
3.3,82.7,76.2,79.3,6.8,48.1,Fail
5.2,59.2,74.8,79.9,5.9,69.1,Pass
4.6,69.3,74.3,58.6,9.7,60.8,Fail
3.1,71.0,64.4,82.5,6.7,59.5,Pass
9.5,73.6,68.0,72.6,6.3,56.0,Pass
8.9,61.5,47.2,64.1,6.8,68.6,Pass
7.6,70.5,32.2,61.0,4.4,40.9,Fail
3.3,,67.3,100.0,5.9,60.8,Fail
7.0,87.3,69.9,70.3,8.0,71.9,Pass
6.5,87.7,83.1,48.8,6.0,59.1,Pass
6.1,76.3,88.6,62.4,5.8,65.0,Fail
7.8,73.3,88.5,74.1,8.4,75.3,Pass
6.5,79.7,50.0,84.8,8.4,79.4,Pass
6.8,68.2,59.7,85.0,7.4,62.4,Pass
6.5,64.2,72.2,87.2,6.3,77.9,Fail
5.9,66.7,100.0,63.4,6.5,82.8,Pass
1.5,70.4,87.2,81.1,5.8,65.4,Pass
5.4,64.0,81.8,59.2,5.6,55.1,Pass
4.0,,59.2,63.8,5.5,61.5,Fail
2.5,86.8,51.8,58.5,6.1,35.0,Fail
8.7,59.0,76.8,53.6,5.6,78.2,Pass
8.8,78.3,48.5,94.2,4.9,62.8,Pass
8.1,75.4,61.4,87.4,,43.1,Pass
5.7,82.1,63.3,92.6,7.1,59.8,Fail
8.0,77.8,88.9,75.7,8.8,80.4,Pass
5.2,60.6,59.7,89.0,6.0,55.0,Pass
5.6,62.9,28.4,43.3,7.2,42.7,Fail
2.9,78.4,72.6,90.5,7.2,54.1,Pass
6.0,90.3,54.5,78.2,6.5,47.5,Fail
5.3,51.4,65.6,86.3,7.7,57.7,Fail
2.5,82.1,63.7,81.8,7.7,55.5,Pass
5.1,92.3,60.9,57.2,7.2,53.4,Pass
5.0,76.2,76.9,48.0,6.5,69.8,Pass
9.0,84.6,42.0,62.2,6.4,47.7,Pass
7.1,69.6,57.2,85.2,5.2,62.1,Fail
5.2,76.6,75.3,87.4,5.8,66.1,Pass
5.7,58.5,55.8,50.4,6.1,37.5,Fail
5.3,49.9,40.9,57.3,5.5,32.0,Fail
4.8,89.3,75.0,62.0,7.3,62.5,Pass
2.9,66.2,81.8,68.6,8.2,76.2,Fail
4.9,72.5,64.3,50.5,5.7,58.6,Fail
3.6,61.4,35.6,49.4,7.1,23.5,Fail
2.6,61.1,75.6,60.2,5.6,30.1,Fail
6.3,75.9,40.1,76.6,6.4,55.8,Pass
6.0,69.2,69.6,53.7,6.0,57.8,Pass
1.4,82.5,51.7,72.9,7.5,55.8,Fail
4.9,83.4,47.6,94.1,6.0,47.4,Fail
7.3,81.9,58.4,51.6,8.0,59.7,Pass
7.4,80.9,62.3,71.3,6.5,68.5,Pass
7.4,96.9,55.3,93.4,6.0,60.2,Pass
5.3,65.2,73.8,67.5,5.3,57.3,Fail
